name,age,country,roll
John Doe,29,USA,AB123
Jane Smith,34,Canada,BC234
Michael Johnson,42,Australia,CD345
Emily Davis,25,USA,EF456
Chris Brown,38,UK,GH567
Olivia Wilson,31,Canada,HI678
Liam Martinez,29,Australia,JK789
Sophia Lee,24,USA,LM890
James Taylor,28,UK,OP901
Amelia Harris,36,Canada,QR234
Mason Clark,41,USA,ST345
Isabella Robinson,26,Australia,UV456
Benjamin Lewis,33,UK,WX567
Charlotte Walker,29,USA,YZ678
Lucas Young,30,Canada,AB789
Mia King,27,Australia,CD890
William Allen,35,UK,EF123
Ava Scott,22,USA,GH234
Ethan Hill,39,Canada,HI345
Harper Green,40,Australia,JK456
Henry Adams,33,UK,LM567
Ella Baker,29,USA,NO678
Alexander Turner,26,Canada,OP789
Sophie Carter,35,Australia,QR890
Jackson Evans,32,USA,ST123
Madison Mitchell,23,UK,UV234
Daniel Perez,37,Canada,WX345
Chloe Moore,28,Australia,YZ456
Mason Harris,30,USA,AB567
Maya Lee,34,UK,CD678
Oliver Nelson,29,Canada,EF789
Victoria Carter,33,Australia,GH890
William Thomas,26,USA,HI123
Zoe Roberts,25,Canada,JK234
Jacob Walker,38,Australia,LM345
Samantha Young,27,USA,NO456
Jack Gonzalez,31,UK,OP567
Lily Carter,33,Canada,QR678
Henry Lee,40,Australia,ST789
Grace Martinez,29,USA,UV890
Matthew Collins,35,UK,WX901
Charlotte Wilson,32,Canada,YZ123
Megan Scott,28,Australia,AB234
Noah Thomas,31,USA,CD345
Amos Brooks,34,UK,EF456
Zara Lee,26,Canada,GH567
Samuel King,39,Australia,HI678
Aria Evans,25,USA,JK789
Aiden Walker,30,UK,LM890
Sienna Lee,36,Canada,NO123
Lucas White,27,Australia,OP234
Sophia Green,30,USA,QR345
Leo Johnson,33,UK,ST456
Madeline Thomas,28,Canada,UV567
Andrew Clark,31,Australia,WX678
Lena Brown,36,USA,YZ789
Henry Martin,29,UK,AB890
Victoria Lewis,30,Canada,CD123
Chloe Taylor,35,Australia,EF234
Lucas Miller,32,USA,GH345
Sophie Brown,28,UK,HI456
James Anderson,27,Canada,JK567
Mila Young,35,Australia,LM678
Michael Clark,38,USA,NO789
